,Combination,B_I,Ker Len,Elementary Vector,Duplicate,Group
0,"(0, 1, 2)","Matrix([[1, 0, 0, 0], [0, 1, 0, 0], [0, 0, 1, 0]])",1,"(0, 0, 0, 1)",0,28.0
1,"(0, 1, 3)","Matrix([[1, 0, 0, 0], [0, 1, 0, 0], [0, 0, 0, 1]])",1,"(0, 0, 1, 0)",0,29.0
2,"(0, 1, 4)","Matrix([[1, 0, 0, 0], [0, 1, 0, 0], [1, 1, 0, 0]])",2,,0,
3,"(0, 1, 5)","Matrix([[1, 0, 0, 0], [0, 1, 0, 0], [1, 0, 1, 0]])",1,"(0, 0, 0, 1)",1,28.0
4,"(0, 1, 6)","Matrix([[1, 0, 0, 0], [0, 1, 0, 0], [1, 0, 0, 1]])",1,"(0, 0, 1, 0)",1,29.0
5,"(0, 1, 7)","Matrix([[1, 0, 0, 0], [0, 1, 0, 0], [0, 1, 1, 0]])",1,"(0, 0, 0, 1)",1,28.0
6,"(0, 1, 8)","Matrix([[1, 0, 0, 0], [0, 1, 0, 0], [0, 1, 0, 1]])",1,"(0, 0, 1, 0)",1,29.0
7,"(0, 1, 9)","Matrix([[1, 0, 0, 0], [0, 1, 0, 0], [0, 0, 1, 1]])",1,"(0, 0, -1, 1)",0,27.0
8,"(0, 1, 10)","Matrix([[1, 0, 0, 0], [0, 1, 0, 0], [1, 1, 1, 0]])",1,"(0, 0, 0, 1)",1,28.0
9,"(0, 1, 11)","Matrix([[1, 0, 0, 0], [0, 1, 0, 0], [1, 1, 0, 1]])",1,"(0, 0, 1, 0)",1,29.0
10,"(0, 1, 12)","Matrix([[1, 0, 0, 0], [0, 1, 0, 0], [1, 0, 1, 1]])",1,"(0, 0, -1, 1)",1,27.0
11,"(0, 1, 13)","Matrix([[1, 0, 0, 0], [0, 1, 0, 0], [0, 1, 1, 1]])",1,"(0, 0, -1, 1)",1,27.0
12,"(0, 1, 14)","Matrix([[1, 0, 0, 0], [0, 1, 0, 0], [1, 1, 1, 1]])",1,"(0, 0, -1, 1)",1,27.0
13,"(0, 2, 3)","Matrix([[1, 0, 0, 0], [0, 0, 1, 0], [0, 0, 0, 1]])",1,"(0, 1, 0, 0)",0,31.0
14,"(0, 2, 4)","Matrix([[1, 0, 0, 0], [0, 0, 1, 0], [1, 1, 0, 0]])",1,"(0, 0, 0, 1)",1,28.0
15,"(0, 2, 5)","Matrix([[1, 0, 0, 0], [0, 0, 1, 0], [1, 0, 1, 0]])",2,,0,
16,"(0, 2, 6)","Matrix([[1, 0, 0, 0], [0, 0, 1, 0], [1, 0, 0, 1]])",1,"(0, 1, 0, 0)",1,31.0
17,"(0, 2, 7)","Matrix([[1, 0, 0, 0], [0, 0, 1, 0], [0, 1, 1, 0]])",1,"(0, 0, 0, 1)",1,28.0
18,"(0, 2, 8)","Matrix([[1, 0, 0, 0], [0, 0, 1, 0], [0, 1, 0, 1]])",1,"(0, -1, 0, 1)",0,24.0
19,"(0, 2, 9)","Matrix([[1, 0, 0, 0], [0, 0, 1, 0], [0, 0, 1, 1]])",1,"(0, 1, 0, 0)",1,31.0
20,"(0, 2, 10)","Matrix([[1, 0, 0, 0], [0, 0, 1, 0], [1, 1, 1, 0]])",1,"(0, 0, 0, 1)",1,28.0
21,"(0, 2, 11)","Matrix([[1, 0, 0, 0], [0, 0, 1, 0], [1, 1, 0, 1]])",1,"(0, -1, 0, 1)",1,24.0
22,"(0, 2, 12)","Matrix([[1, 0, 0, 0], [0, 0, 1, 0], [1, 0, 1, 1]])",1,"(0, 1, 0, 0)",1,31.0
23,"(0, 2, 13)","Matrix([[1, 0, 0, 0], [0, 0, 1, 0], [0, 1, 1, 1]])",1,"(0, -1, 0, 1)",1,24.0
24,"(0, 2, 14)","Matrix([[1, 0, 0, 0], [0, 0, 1, 0], [1, 1, 1, 1]])",1,"(0, -1, 0, 1)",1,24.0
25,"(0, 3, 4)","Matrix([[1, 0, 0, 0], [0, 0, 0, 1], [1, 1, 0, 0]])",1,"(0, 0, 1, 0)",1,29.0
26,"(0, 3, 5)","Matrix([[1, 0, 0, 0], [0, 0, 0, 1], [1, 0, 1, 0]])",1,"(0, 1, 0, 0)",1,31.0
27,"(0, 3, 6)","Matrix([[1, 0, 0, 0], [0, 0, 0, 1], [1, 0, 0, 1]])",2,,0,
28,"(0, 3, 7)","Matrix([[1, 0, 0, 0], [0, 0, 0, 1], [0, 1, 1, 0]])",1,"(0, -1, 1, 0)",0,25.0
29,"(0, 3, 8)","Matrix([[1, 0, 0, 0], [0, 0, 0, 1], [0, 1, 0, 1]])",1,"(0, 0, 1, 0)",1,29.0
30,"(0, 3, 9)","Matrix([[1, 0, 0, 0], [0, 0, 0, 1], [0, 0, 1, 1]])",1,"(0, 1, 0, 0)",1,31.0
31,"(0, 3, 10)","Matrix([[1, 0, 0, 0], [0, 0, 0, 1], [1, 1, 1, 0]])",1,"(0, -1, 1, 0)",1,25.0
32,"(0, 3, 11)","Matrix([[1, 0, 0, 0], [0, 0, 0, 1], [1, 1, 0, 1]])",1,"(0, 0, 1, 0)",1,29.0
33,"(0, 3, 12)","Matrix([[1, 0, 0, 0], [0, 0, 0, 1], [1, 0, 1, 1]])",1,"(0, 1, 0, 0)",1,31.0
34,"(0, 3, 13)","Matrix([[1, 0, 0, 0], [0, 0, 0, 1], [0, 1, 1, 1]])",1,"(0, -1, 1, 0)",1,25.0
35,"(0, 3, 14)","Matrix([[1, 0, 0, 0], [0, 0, 0, 1], [1, 1, 1, 1]])",1,"(0, -1, 1, 0)",1,25.0
36,"(0, 4, 5)","Matrix([[1, 0, 0, 0], [1, 1, 0, 0], [1, 0, 1, 0]])",1,"(0, 0, 0, 1)",1,28.0
37,"(0, 4, 6)","Matrix([[1, 0, 0, 0], [1, 1, 0, 0], [1, 0, 0, 1]])",1,"(0, 0, 1, 0)",1,29.0
38,"(0, 4, 7)","Matrix([[1, 0, 0, 0], [1, 1, 0, 0], [0, 1, 1, 0]])",1,"(0, 0, 0, 1)",1,28.0
39,"(0, 4, 8)","Matrix([[1, 0, 0, 0], [1, 1, 0, 0], [0, 1, 0, 1]])",1,"(0, 0, 1, 0)",1,29.0
40,"(0, 4, 9)","Matrix([[1, 0, 0, 0], [1, 1, 0, 0], [0, 0, 1, 1]])",1,"(0, 0, -1, 1)",1,27.0
41,"(0, 4, 10)","Matrix([[1, 0, 0, 0], [1, 1, 0, 0], [1, 1, 1, 0]])",1,"(0, 0, 0, 1)",1,28.0
42,"(0, 4, 11)","Matrix([[1, 0, 0, 0], [1, 1, 0, 0], [1, 1, 0, 1]])",1,"(0, 0, 1, 0)",1,29.0
43,"(0, 4, 12)","Matrix([[1, 0, 0, 0], [1, 1, 0, 0], [1, 0, 1, 1]])",1,"(0, 0, -1, 1)",1,27.0
44,"(0, 4, 13)","Matrix([[1, 0, 0, 0], [1, 1, 0, 0], [0, 1, 1, 1]])",1,"(0, 0, -1, 1)",1,27.0
45,"(0, 4, 14)","Matrix([[1, 0, 0, 0], [1, 1, 0, 0], [1, 1, 1, 1]])",1,"(0, 0, -1, 1)",1,27.0
46,"(0, 5, 6)","Matrix([[1, 0, 0, 0], [1, 0, 1, 0], [1, 0, 0, 1]])",1,"(0, 1, 0, 0)",1,31.0
47,"(0, 5, 7)","Matrix([[1, 0, 0, 0], [1, 0, 1, 0], [0, 1, 1, 0]])",1,"(0, 0, 0, 1)",1,28.0
48,"(0, 5, 8)","Matrix([[1, 0, 0, 0], [1, 0, 1, 0], [0, 1, 0, 1]])",1,"(0, -1, 0, 1)",1,24.0
49,"(0, 5, 9)","Matrix([[1, 0, 0, 0], [1, 0, 1, 0], [0, 0, 1, 1]])",1,"(0, 1, 0, 0)",1,31.0
50,"(0, 5, 10)","Matrix([[1, 0, 0, 0], [1, 0, 1, 0], [1, 1, 1, 0]])",1,"(0, 0, 0, 1)",1,28.0
51,"(0, 5, 11)","Matrix([[1, 0, 0, 0], [1, 0, 1, 0], [1, 1, 0, 1]])",1,"(0, -1, 0, 1)",1,24.0
52,"(0, 5, 12)","Matrix([[1, 0, 0, 0], [1, 0, 1, 0], [1, 0, 1, 1]])",1,"(0, 1, 0, 0)",1,31.0
53,"(0, 5, 13)","Matrix([[1, 0, 0, 0], [1, 0, 1, 0], [0, 1, 1, 1]])",1,"(0, -1, 0, 1)",1,24.0
54,"(0, 5, 14)","Matrix([[1, 0, 0, 0], [1, 0, 1, 0], [1, 1, 1, 1]])",1,"(0, -1, 0, 1)",1,24.0
55,"(0, 6, 7)","Matrix([[1, 0, 0, 0], [1, 0, 0, 1], [0, 1, 1, 0]])",1,"(0, -1, 1, 0)",1,25.0
56,"(0, 6, 8)","Matrix([[1, 0, 0, 0], [1, 0, 0, 1], [0, 1, 0, 1]])",1,"(0, 0, 1, 0)",1,29.0
57,"(0, 6, 9)","Matrix([[1, 0, 0, 0], [1, 0, 0, 1], [0, 0, 1, 1]])",1,"(0, 1, 0, 0)",1,31.0
58,"(0, 6, 10)","Matrix([[1, 0, 0, 0], [1, 0, 0, 1], [1, 1, 1, 0]])",1,"(0, -1, 1, 0)",1,25.0
59,"(0, 6, 11)","Matrix([[1, 0, 0, 0], [1, 0, 0, 1], [1, 1, 0, 1]])",1,"(0, 0, 1, 0)",1,29.0
60,"(0, 6, 12)","Matrix([[1, 0, 0, 0], [1, 0, 0, 1], [1, 0, 1, 1]])",1,"(0, 1, 0, 0)",1,31.0
61,"(0, 6, 13)","Matrix([[1, 0, 0, 0], [1, 0, 0, 1], [0, 1, 1, 1]])",1,"(0, -1, 1, 0)",1,25.0
62,"(0, 6, 14)","Matrix([[1, 0, 0, 0], [1, 0, 0, 1], [1, 1, 1, 1]])",1,"(0, -1, 1, 0)",1,25.0
63,"(0, 7, 8)","Matrix([[1, 0, 0, 0], [0, 1, 1, 0], [0, 1, 0, 1]])",1,"(0, -1, 1, 1)",0,26.0
64,"(0, 7, 9)","Matrix([[1, 0, 0, 0], [0, 1, 1, 0], [0, 0, 1, 1]])",1,"(0, 1, -1, 1)",0,30.0
65,"(0, 7, 10)","Matrix([[1, 0, 0, 0], [0, 1, 1, 0], [1, 1, 1, 0]])",2,,0,
66,"(0, 7, 11)","Matrix([[1, 0, 0, 0], [0, 1, 1, 0], [1, 1, 0, 1]])",1,"(0, -1, 1, 1)",1,26.0
67,"(0, 7, 12)","Matrix([[1, 0, 0, 0], [0, 1, 1, 0], [1, 0, 1, 1]])",1,"(0, 1, -1, 1)",1,30.0
68,"(0, 7, 13)","Matrix([[1, 0, 0, 0], [0, 1, 1, 0], [0, 1, 1, 1]])",1,"(0, -1, 1, 0)",1,25.0
69,"(0, 7, 14)","Matrix([[1, 0, 0, 0], [0, 1, 1, 0], [1, 1, 1, 1]])",1,"(0, -1, 1, 0)",1,25.0
70,"(0, 8, 9)","Matrix([[1, 0, 0, 0], [0, 1, 0, 1], [0, 0, 1, 1]])",1,"(0, -1, -1, 1)",0,23.0
71,"(0, 8, 10)","Matrix([[1, 0, 0, 0], [0, 1, 0, 1], [1, 1, 1, 0]])",1,"(0, -1, 1, 1)",1,26.0
72,"(0, 8, 11)","Matrix([[1, 0, 0, 0], [0, 1, 0, 1], [1, 1, 0, 1]])",2,,0,
73,"(0, 8, 12)","Matrix([[1, 0, 0, 0], [0, 1, 0, 1], [1, 0, 1, 1]])",1,"(0, -1, -1, 1)",1,23.0
74,"(0, 8, 13)","Matrix([[1, 0, 0, 0], [0, 1, 0, 1], [0, 1, 1, 1]])",1,"(0, -1, 0, 1)",1,24.0
75,"(0, 8, 14)","Matrix([[1, 0, 0, 0], [0, 1, 0, 1], [1, 1, 1, 1]])",1,"(0, -1, 0, 1)",1,24.0
76,"(0, 9, 10)","Matrix([[1, 0, 0, 0], [0, 0, 1, 1], [1, 1, 1, 0]])",1,"(0, 1, -1, 1)",1,30.0
77,"(0, 9, 11)","Matrix([[1, 0, 0, 0], [0, 0, 1, 1], [1, 1, 0, 1]])",1,"(0, -1, -1, 1)",1,23.0
78,"(0, 9, 12)","Matrix([[1, 0, 0, 0], [0, 0, 1, 1], [1, 0, 1, 1]])",2,,0,
79,"(0, 9, 13)","Matrix([[1, 0, 0, 0], [0, 0, 1, 1], [0, 1, 1, 1]])",1,"(0, 0, -1, 1)",1,27.0
80,"(0, 9, 14)","Matrix([[1, 0, 0, 0], [0, 0, 1, 1], [1, 1, 1, 1]])",1,"(0, 0, -1, 1)",1,27.0
81,"(0, 10, 11)","Matrix([[1, 0, 0, 0], [1, 1, 1, 0], [1, 1, 0, 1]])",1,"(0, -1, 1, 1)",1,26.0
82,"(0, 10, 12)","Matrix([[1, 0, 0, 0], [1, 1, 1, 0], [1, 0, 1, 1]])",1,"(0, 1, -1, 1)",1,30.0
83,"(0, 10, 13)","Matrix([[1, 0, 0, 0], [1, 1, 1, 0], [0, 1, 1, 1]])",1,"(0, -1, 1, 0)",1,25.0
84,"(0, 10, 14)","Matrix([[1, 0, 0, 0], [1, 1, 1, 0], [1, 1, 1, 1]])",1,"(0, -1, 1, 0)",1,25.0
85,"(0, 11, 12)","Matrix([[1, 0, 0, 0], [1, 1, 0, 1], [1, 0, 1, 1]])",1,"(0, -1, -1, 1)",1,23.0
86,"(0, 11, 13)","Matrix([[1, 0, 0, 0], [1, 1, 0, 1], [0, 1, 1, 1]])",1,"(0, -1, 0, 1)",1,24.0
87,"(0, 11, 14)","Matrix([[1, 0, 0, 0], [1, 1, 0, 1], [1, 1, 1, 1]])",1,"(0, -1, 0, 1)",1,24.0
88,"(0, 12, 13)","Matrix([[1, 0, 0, 0], [1, 0, 1, 1], [0, 1, 1, 1]])",1,"(0, 0, -1, 1)",1,27.0
89,"(0, 12, 14)","Matrix([[1, 0, 0, 0], [1, 0, 1, 1], [1, 1, 1, 1]])",1,"(0, 0, -1, 1)",1,27.0
90,"(0, 13, 14)","Matrix([[1, 0, 0, 0], [0, 1, 1, 1], [1, 1, 1, 1]])",2,,0,
91,"(1, 2, 3)","Matrix([[0, 1, 0, 0], [0, 0, 1, 0], [0, 0, 0, 1]])",1,"(1, 0, 0, 0)",0,41.0
92,"(1, 2, 4)","Matrix([[0, 1, 0, 0], [0, 0, 1, 0], [1, 1, 0, 0]])",1,"(0, 0, 0, 1)",1,28.0
93,"(1, 2, 5)","Matrix([[0, 1, 0, 0], [0, 0, 1, 0], [1, 0, 1, 0]])",1,"(0, 0, 0, 1)",1,28.0
94,"(1, 2, 6)","Matrix([[0, 1, 0, 0], [0, 0, 1, 0], [1, 0, 0, 1]])",1,"(-1, 0, 0, 1)",0,12.0
95,"(1, 2, 7)","Matrix([[0, 1, 0, 0], [0, 0, 1, 0], [0, 1, 1, 0]])",2,,0,
96,"(1, 2, 8)","Matrix([[0, 1, 0, 0], [0, 0, 1, 0], [0, 1, 0, 1]])",1,"(1, 0, 0, 0)",1,41.0
97,"(1, 2, 9)","Matrix([[0, 1, 0, 0], [0, 0, 1, 0], [0, 0, 1, 1]])",1,"(1, 0, 0, 0)",1,41.0
98,"(1, 2, 10)","Matrix([[0, 1, 0, 0], [0, 0, 1, 0], [1, 1, 1, 0]])",1,"(0, 0, 0, 1)",1,28.0
99,"(1, 2, 11)","Matrix([[0, 1, 0, 0], [0, 0, 1, 0], [1, 1, 0, 1]])",1,"(-1, 0, 0, 1)",1,12.0
100,"(1, 2, 12)","Matrix([[0, 1, 0, 0], [0, 0, 1, 0], [1, 0, 1, 1]])",1,"(-1, 0, 0, 1)",1,12.0
101,"(1, 2, 13)","Matrix([[0, 1, 0, 0], [0, 0, 1, 0], [0, 1, 1, 1]])",1,"(1, 0, 0, 0)",1,41.0
102,"(1, 2, 14)","Matrix([[0, 1, 0, 0], [0, 0, 1, 0], [1, 1, 1, 1]])",1,"(-1, 0, 0, 1)",1,12.0
103,"(1, 3, 4)","Matrix([[0, 1, 0, 0], [0, 0, 0, 1], [1, 1, 0, 0]])",1,"(0, 0, 1, 0)",1,29.0
104,"(1, 3, 5)","Matrix([[0, 1, 0, 0], [0, 0, 0, 1], [1, 0, 1, 0]])",1,"(-1, 0, 1, 0)",0,13.0
105,"(1, 3, 6)","Matrix([[0, 1, 0, 0], [0, 0, 0, 1], [1, 0, 0, 1]])",1,"(0, 0, 1, 0)",1,29.0
106,"(1, 3, 7)","Matrix([[0, 1, 0, 0], [0, 0, 0, 1], [0, 1, 1, 0]])",1,"(1, 0, 0, 0)",1,41.0
107,"(1, 3, 8)","Matrix([[0, 1, 0, 0], [0, 0, 0, 1], [0, 1, 0, 1]])",2,,0,
108,"(1, 3, 9)","Matrix([[0, 1, 0, 0], [0, 0, 0, 1], [0, 0, 1, 1]])",1,"(1, 0, 0, 0)",1,41.0
109,"(1, 3, 10)","Matrix([[0, 1, 0, 0], [0, 0, 0, 1], [1, 1, 1, 0]])",1,"(-1, 0, 1, 0)",1,13.0
110,"(1, 3, 11)","Matrix([[0, 1, 0, 0], [0, 0, 0, 1], [1, 1, 0, 1]])",1,"(0, 0, 1, 0)",1,29.0
111,"(1, 3, 12)","Matrix([[0, 1, 0, 0], [0, 0, 0, 1], [1, 0, 1, 1]])",1,"(-1, 0, 1, 0)",1,13.0
112,"(1, 3, 13)","Matrix([[0, 1, 0, 0], [0, 0, 0, 1], [0, 1, 1, 1]])",1,"(1, 0, 0, 0)",1,41.0
113,"(1, 3, 14)","Matrix([[0, 1, 0, 0], [0, 0, 0, 1], [1, 1, 1, 1]])",1,"(-1, 0, 1, 0)",1,13.0
114,"(1, 4, 5)","Matrix([[0, 1, 0, 0], [1, 1, 0, 0], [1, 0, 1, 0]])",1,"(0, 0, 0, 1)",1,28.0
115,"(1, 4, 6)","Matrix([[0, 1, 0, 0], [1, 1, 0, 0], [1, 0, 0, 1]])",1,"(0, 0, 1, 0)",1,29.0
116,"(1, 4, 7)","Matrix([[0, 1, 0, 0], [1, 1, 0, 0], [0, 1, 1, 0]])",1,"(0, 0, 0, 1)",1,28.0
117,"(1, 4, 8)","Matrix([[0, 1, 0, 0], [1, 1, 0, 0], [0, 1, 0, 1]])",1,"(0, 0, 1, 0)",1,29.0
118,"(1, 4, 9)","Matrix([[0, 1, 0, 0], [1, 1, 0, 0], [0, 0, 1, 1]])",1,"(0, 0, -1, 1)",1,27.0
119,"(1, 4, 10)","Matrix([[0, 1, 0, 0], [1, 1, 0, 0], [1, 1, 1, 0]])",1,"(0, 0, 0, 1)",1,28.0
120,"(1, 4, 11)","Matrix([[0, 1, 0, 0], [1, 1, 0, 0], [1, 1, 0, 1]])",1,"(0, 0, 1, 0)",1,29.0
121,"(1, 4, 12)","Matrix([[0, 1, 0, 0], [1, 1, 0, 0], [1, 0, 1, 1]])",1,"(0, 0, -1, 1)",1,27.0
122,"(1, 4, 13)","Matrix([[0, 1, 0, 0], [1, 1, 0, 0], [0, 1, 1, 1]])",1,"(0, 0, -1, 1)",1,27.0
123,"(1, 4, 14)","Matrix([[0, 1, 0, 0], [1, 1, 0, 0], [1, 1, 1, 1]])",1,"(0, 0, -1, 1)",1,27.0
124,"(1, 5, 6)","Matrix([[0, 1, 0, 0], [1, 0, 1, 0], [1, 0, 0, 1]])",1,"(-1, 0, 1, 1)",0,14.0
125,"(1, 5, 7)","Matrix([[0, 1, 0, 0], [1, 0, 1, 0], [0, 1, 1, 0]])",1,"(0, 0, 0, 1)",1,28.0
126,"(1, 5, 8)","Matrix([[0, 1, 0, 0], [1, 0, 1, 0], [0, 1, 0, 1]])",1,"(-1, 0, 1, 0)",1,13.0
127,"(1, 5, 9)","Matrix([[0, 1, 0, 0], [1, 0, 1, 0], [0, 0, 1, 1]])",1,"(1, 0, -1, 1)",0,40.0
128,"(1, 5, 10)","Matrix([[0, 1, 0, 0], [1, 0, 1, 0], [1, 1, 1, 0]])",2,,0,
129,"(1, 5, 11)","Matrix([[0, 1, 0, 0], [1, 0, 1, 0], [1, 1, 0, 1]])",1,"(-1, 0, 1, 1)",1,14.0
130,"(1, 5, 12)","Matrix([[0, 1, 0, 0], [1, 0, 1, 0], [1, 0, 1, 1]])",1,"(-1, 0, 1, 0)",1,13.0
131,"(1, 5, 13)","Matrix([[0, 1, 0, 0], [1, 0, 1, 0], [0, 1, 1, 1]])",1,"(1, 0, -1, 1)",1,40.0
132,"(1, 5, 14)","Matrix([[0, 1, 0, 0], [1, 0, 1, 0], [1, 1, 1, 1]])",1,"(-1, 0, 1, 0)",1,13.0
133,"(1, 6, 7)","Matrix([[0, 1, 0, 0], [1, 0, 0, 1], [0, 1, 1, 0]])",1,"(-1, 0, 0, 1)",1,12.0
134,"(1, 6, 8)","Matrix([[0, 1, 0, 0], [1, 0, 0, 1], [0, 1, 0, 1]])",1,"(0, 0, 1, 0)",1,29.0
135,"(1, 6, 9)","Matrix([[0, 1, 0, 0], [1, 0, 0, 1], [0, 0, 1, 1]])",1,"(-1, 0, -1, 1)",0,11.0
136,"(1, 6, 10)","Matrix([[0, 1, 0, 0], [1, 0, 0, 1], [1, 1, 1, 0]])",1,"(-1, 0, 1, 1)",1,14.0
137,"(1, 6, 11)","Matrix([[0, 1, 0, 0], [1, 0, 0, 1], [1, 1, 0, 1]])",2,,0,
138,"(1, 6, 12)","Matrix([[0, 1, 0, 0], [1, 0, 0, 1], [1, 0, 1, 1]])",1,"(-1, 0, 0, 1)",1,12.0
139,"(1, 6, 13)","Matrix([[0, 1, 0, 0], [1, 0, 0, 1], [0, 1, 1, 1]])",1,"(-1, 0, -1, 1)",1,11.0
140,"(1, 6, 14)","Matrix([[0, 1, 0, 0], [1, 0, 0, 1], [1, 1, 1, 1]])",1,"(-1, 0, 0, 1)",1,12.0
141,"(1, 7, 8)","Matrix([[0, 1, 0, 0], [0, 1, 1, 0], [0, 1, 0, 1]])",1,"(1, 0, 0, 0)",1,41.0
142,"(1, 7, 9)","Matrix([[0, 1, 0, 0], [0, 1, 1, 0], [0, 0, 1, 1]])",1,"(1, 0, 0, 0)",1,41.0
143,"(1, 7, 10)","Matrix([[0, 1, 0, 0], [0, 1, 1, 0], [1, 1, 1, 0]])",1,"(0, 0, 0, 1)",1,28.0
144,"(1, 7, 11)","Matrix([[0, 1, 0, 0], [0, 1, 1, 0], [1, 1, 0, 1]])",1,"(-1, 0, 0, 1)",1,12.0
145,"(1, 7, 12)","Matrix([[0, 1, 0, 0], [0, 1, 1, 0], [1, 0, 1, 1]])",1,"(-1, 0, 0, 1)",1,12.0
146,"(1, 7, 13)","Matrix([[0, 1, 0, 0], [0, 1, 1, 0], [0, 1, 1, 1]])",1,"(1, 0, 0, 0)",1,41.0
147,"(1, 7, 14)","Matrix([[0, 1, 0, 0], [0, 1, 1, 0], [1, 1, 1, 1]])",1,"(-1, 0, 0, 1)",1,12.0
148,"(1, 8, 9)","Matrix([[0, 1, 0, 0], [0, 1, 0, 1], [0, 0, 1, 1]])",1,"(1, 0, 0, 0)",1,41.0
149,"(1, 8, 10)","Matrix([[0, 1, 0, 0], [0, 1, 0, 1], [1, 1, 1, 0]])",1,"(-1, 0, 1, 0)",1,13.0
150,"(1, 8, 11)","Matrix([[0, 1, 0, 0], [0, 1, 0, 1], [1, 1, 0, 1]])",1,"(0, 0, 1, 0)",1,29.0
151,"(1, 8, 12)","Matrix([[0, 1, 0, 0], [0, 1, 0, 1], [1, 0, 1, 1]])",1,"(-1, 0, 1, 0)",1,13.0
152,"(1, 8, 13)","Matrix([[0, 1, 0, 0], [0, 1, 0, 1], [0, 1, 1, 1]])",1,"(1, 0, 0, 0)",1,41.0
153,"(1, 8, 14)","Matrix([[0, 1, 0, 0], [0, 1, 0, 1], [1, 1, 1, 1]])",1,"(-1, 0, 1, 0)",1,13.0
154,"(1, 9, 10)","Matrix([[0, 1, 0, 0], [0, 0, 1, 1], [1, 1, 1, 0]])",1,"(1, 0, -1, 1)",1,40.0
155,"(1, 9, 11)","Matrix([[0, 1, 0, 0], [0, 0, 1, 1], [1, 1, 0, 1]])",1,"(-1, 0, -1, 1)",1,11.0
156,"(1, 9, 12)","Matrix([[0, 1, 0, 0], [0, 0, 1, 1], [1, 0, 1, 1]])",1,"(0, 0, -1, 1)",1,27.0
157,"(1, 9, 13)","Matrix([[0, 1, 0, 0], [0, 0, 1, 1], [0, 1, 1, 1]])",2,,0,
158,"(1, 9, 14)","Matrix([[0, 1, 0, 0], [0, 0, 1, 1], [1, 1, 1, 1]])",1,"(0, 0, -1, 1)",1,27.0
159,"(1, 10, 11)","Matrix([[0, 1, 0, 0], [1, 1, 1, 0], [1, 1, 0, 1]])",1,"(-1, 0, 1, 1)",1,14.0
160,"(1, 10, 12)","Matrix([[0, 1, 0, 0], [1, 1, 1, 0], [1, 0, 1, 1]])",1,"(-1, 0, 1, 0)",1,13.0
161,"(1, 10, 13)","Matrix([[0, 1, 0, 0], [1, 1, 1, 0], [0, 1, 1, 1]])",1,"(1, 0, -1, 1)",1,40.0
162,"(1, 10, 14)","Matrix([[0, 1, 0, 0], [1, 1, 1, 0], [1, 1, 1, 1]])",1,"(-1, 0, 1, 0)",1,13.0
163,"(1, 11, 12)","Matrix([[0, 1, 0, 0], [1, 1, 0, 1], [1, 0, 1, 1]])",1,"(-1, 0, 0, 1)",1,12.0
164,"(1, 11, 13)","Matrix([[0, 1, 0, 0], [1, 1, 0, 1], [0, 1, 1, 1]])",1,"(-1, 0, -1, 1)",1,11.0
165,"(1, 11, 14)","Matrix([[0, 1, 0, 0], [1, 1, 0, 1], [1, 1, 1, 1]])",1,"(-1, 0, 0, 1)",1,12.0
166,"(1, 12, 13)","Matrix([[0, 1, 0, 0], [1, 0, 1, 1], [0, 1, 1, 1]])",1,"(0, 0, -1, 1)",1,27.0
167,"(1, 12, 14)","Matrix([[0, 1, 0, 0], [1, 0, 1, 1], [1, 1, 1, 1]])",2,,0,
168,"(1, 13, 14)","Matrix([[0, 1, 0, 0], [0, 1, 1, 1], [1, 1, 1, 1]])",1,"(0, 0, -1, 1)",1,27.0
169,"(2, 3, 4)","Matrix([[0, 0, 1, 0], [0, 0, 0, 1], [1, 1, 0, 0]])",1,"(-1, 1, 0, 0)",0,18.0
170,"(2, 3, 5)","Matrix([[0, 0, 1, 0], [0, 0, 0, 1], [1, 0, 1, 0]])",1,"(0, 1, 0, 0)",1,31.0
171,"(2, 3, 6)","Matrix([[0, 0, 1, 0], [0, 0, 0, 1], [1, 0, 0, 1]])",1,"(0, 1, 0, 0)",1,31.0
172,"(2, 3, 7)","Matrix([[0, 0, 1, 0], [0, 0, 0, 1], [0, 1, 1, 0]])",1,"(1, 0, 0, 0)",1,41.0
173,"(2, 3, 8)","Matrix([[0, 0, 1, 0], [0, 0, 0, 1], [0, 1, 0, 1]])",1,"(1, 0, 0, 0)",1,41.0
174,"(2, 3, 9)","Matrix([[0, 0, 1, 0], [0, 0, 0, 1], [0, 0, 1, 1]])",2,,0,
175,"(2, 3, 10)","Matrix([[0, 0, 1, 0], [0, 0, 0, 1], [1, 1, 1, 0]])",1,"(-1, 1, 0, 0)",1,18.0
176,"(2, 3, 11)","Matrix([[0, 0, 1, 0], [0, 0, 0, 1], [1, 1, 0, 1]])",1,"(-1, 1, 0, 0)",1,18.0
177,"(2, 3, 12)","Matrix([[0, 0, 1, 0], [0, 0, 0, 1], [1, 0, 1, 1]])",1,"(0, 1, 0, 0)",1,31.0
178,"(2, 3, 13)","Matrix([[0, 0, 1, 0], [0, 0, 0, 1], [0, 1, 1, 1]])",1,"(1, 0, 0, 0)",1,41.0
179,"(2, 3, 14)","Matrix([[0, 0, 1, 0], [0, 0, 0, 1], [1, 1, 1, 1]])",1,"(-1, 1, 0, 0)",1,18.0
180,"(2, 4, 5)","Matrix([[0, 0, 1, 0], [1, 1, 0, 0], [1, 0, 1, 0]])",1,"(0, 0, 0, 1)",1,28.0
181,"(2, 4, 6)","Matrix([[0, 0, 1, 0], [1, 1, 0, 0], [1, 0, 0, 1]])",1,"(-1, 1, 0, 1)",0,19.0
182,"(2, 4, 7)","Matrix([[0, 0, 1, 0], [1, 1, 0, 0], [0, 1, 1, 0]])",1,"(0, 0, 0, 1)",1,28.0
183,"(2, 4, 8)","Matrix([[0, 0, 1, 0], [1, 1, 0, 0], [0, 1, 0, 1]])",1,"(1, -1, 0, 1)",0,37.0
184,"(2, 4, 9)","Matrix([[0, 0, 1, 0], [1, 1, 0, 0], [0, 0, 1, 1]])",1,"(-1, 1, 0, 0)",1,18.0
185,"(2, 4, 10)","Matrix([[0, 0, 1, 0], [1, 1, 0, 0], [1, 1, 1, 0]])",2,,0,
186,"(2, 4, 11)","Matrix([[0, 0, 1, 0], [1, 1, 0, 0], [1, 1, 0, 1]])",1,"(-1, 1, 0, 0)",1,18.0
187,"(2, 4, 12)","Matrix([[0, 0, 1, 0], [1, 1, 0, 0], [1, 0, 1, 1]])",1,"(-1, 1, 0, 1)",1,19.0
188,"(2, 4, 13)","Matrix([[0, 0, 1, 0], [1, 1, 0, 0], [0, 1, 1, 1]])",1,"(1, -1, 0, 1)",1,37.0
189,"(2, 4, 14)","Matrix([[0, 0, 1, 0], [1, 1, 0, 0], [1, 1, 1, 1]])",1,"(-1, 1, 0, 0)",1,18.0
190,"(2, 5, 6)","Matrix([[0, 0, 1, 0], [1, 0, 1, 0], [1, 0, 0, 1]])",1,"(0, 1, 0, 0)",1,31.0
191,"(2, 5, 7)","Matrix([[0, 0, 1, 0], [1, 0, 1, 0], [0, 1, 1, 0]])",1,"(0, 0, 0, 1)",1,28.0
192,"(2, 5, 8)","Matrix([[0, 0, 1, 0], [1, 0, 1, 0], [0, 1, 0, 1]])",1,"(0, -1, 0, 1)",1,24.0
193,"(2, 5, 9)","Matrix([[0, 0, 1, 0], [1, 0, 1, 0], [0, 0, 1, 1]])",1,"(0, 1, 0, 0)",1,31.0
194,"(2, 5, 10)","Matrix([[0, 0, 1, 0], [1, 0, 1, 0], [1, 1, 1, 0]])",1,"(0, 0, 0, 1)",1,28.0
195,"(2, 5, 11)","Matrix([[0, 0, 1, 0], [1, 0, 1, 0], [1, 1, 0, 1]])",1,"(0, -1, 0, 1)",1,24.0
196,"(2, 5, 12)","Matrix([[0, 0, 1, 0], [1, 0, 1, 0], [1, 0, 1, 1]])",1,"(0, 1, 0, 0)",1,31.0
197,"(2, 5, 13)","Matrix([[0, 0, 1, 0], [1, 0, 1, 0], [0, 1, 1, 1]])",1,"(0, -1, 0, 1)",1,24.0
198,"(2, 5, 14)","Matrix([[0, 0, 1, 0], [1, 0, 1, 0], [1, 1, 1, 1]])",1,"(0, -1, 0, 1)",1,24.0
199,"(2, 6, 7)","Matrix([[0, 0, 1, 0], [1, 0, 0, 1], [0, 1, 1, 0]])",1,"(-1, 0, 0, 1)",1,12.0
200,"(2, 6, 8)","Matrix([[0, 0, 1, 0], [1, 0, 0, 1], [0, 1, 0, 1]])",1,"(-1, -1, 0, 1)",0,6.0
201,"(2, 6, 9)","Matrix([[0, 0, 1, 0], [1, 0, 0, 1], [0, 0, 1, 1]])",1,"(0, 1, 0, 0)",1,31.0
202,"(2, 6, 10)","Matrix([[0, 0, 1, 0], [1, 0, 0, 1], [1, 1, 1, 0]])",1,"(-1, 1, 0, 1)",1,19.0
203,"(2, 6, 11)","Matrix([[0, 0, 1, 0], [1, 0, 0, 1], [1, 1, 0, 1]])",1,"(-1, 0, 0, 1)",1,12.0
204,"(2, 6, 12)","Matrix([[0, 0, 1, 0], [1, 0, 0, 1], [1, 0, 1, 1]])",2,,0,
205,"(2, 6, 13)","Matrix([[0, 0, 1, 0], [1, 0, 0, 1], [0, 1, 1, 1]])",1,"(-1, -1, 0, 1)",1,6.0
206,"(2, 6, 14)","Matrix([[0, 0, 1, 0], [1, 0, 0, 1], [1, 1, 1, 1]])",1,"(-1, 0, 0, 1)",1,12.0
207,"(2, 7, 8)","Matrix([[0, 0, 1, 0], [0, 1, 1, 0], [0, 1, 0, 1]])",1,"(1, 0, 0, 0)",1,41.0
208,"(2, 7, 9)","Matrix([[0, 0, 1, 0], [0, 1, 1, 0], [0, 0, 1, 1]])",1,"(1, 0, 0, 0)",1,41.0
209,"(2, 7, 10)","Matrix([[0, 0, 1, 0], [0, 1, 1, 0], [1, 1, 1, 0]])",1,"(0, 0, 0, 1)",1,28.0
210,"(2, 7, 11)","Matrix([[0, 0, 1, 0], [0, 1, 1, 0], [1, 1, 0, 1]])",1,"(-1, 0, 0, 1)",1,12.0
211,"(2, 7, 12)","Matrix([[0, 0, 1, 0], [0, 1, 1, 0], [1, 0, 1, 1]])",1,"(-1, 0, 0, 1)",1,12.0
212,"(2, 7, 13)","Matrix([[0, 0, 1, 0], [0, 1, 1, 0], [0, 1, 1, 1]])",1,"(1, 0, 0, 0)",1,41.0
213,"(2, 7, 14)","Matrix([[0, 0, 1, 0], [0, 1, 1, 0], [1, 1, 1, 1]])",1,"(-1, 0, 0, 1)",1,12.0
214,"(2, 8, 9)","Matrix([[0, 0, 1, 0], [0, 1, 0, 1], [0, 0, 1, 1]])",1,"(1, 0, 0, 0)",1,41.0
215,"(2, 8, 10)","Matrix([[0, 0, 1, 0], [0, 1, 0, 1], [1, 1, 1, 0]])",1,"(1, -1, 0, 1)",1,37.0
216,"(2, 8, 11)","Matrix([[0, 0, 1, 0], [0, 1, 0, 1], [1, 1, 0, 1]])",1,"(0, -1, 0, 1)",1,24.0
217,"(2, 8, 12)","Matrix([[0, 0, 1, 0], [0, 1, 0, 1], [1, 0, 1, 1]])",1,"(-1, -1, 0, 1)",1,6.0
218,"(2, 8, 13)","Matrix([[0, 0, 1, 0], [0, 1, 0, 1], [0, 1, 1, 1]])",2,,0,
219,"(2, 8, 14)","Matrix([[0, 0, 1, 0], [0, 1, 0, 1], [1, 1, 1, 1]])",1,"(0, -1, 0, 1)",1,24.0
220,"(2, 9, 10)","Matrix([[0, 0, 1, 0], [0, 0, 1, 1], [1, 1, 1, 0]])",1,"(-1, 1, 0, 0)",1,18.0
221,"(2, 9, 11)","Matrix([[0, 0, 1, 0], [0, 0, 1, 1], [1, 1, 0, 1]])",1,"(-1, 1, 0, 0)",1,18.0
222,"(2, 9, 12)","Matrix([[0, 0, 1, 0], [0, 0, 1, 1], [1, 0, 1, 1]])",1,"(0, 1, 0, 0)",1,31.0
223,"(2, 9, 13)","Matrix([[0, 0, 1, 0], [0, 0, 1, 1], [0, 1, 1, 1]])",1,"(1, 0, 0, 0)",1,41.0
224,"(2, 9, 14)","Matrix([[0, 0, 1, 0], [0, 0, 1, 1], [1, 1, 1, 1]])",1,"(-1, 1, 0, 0)",1,18.0
225,"(2, 10, 11)","Matrix([[0, 0, 1, 0], [1, 1, 1, 0], [1, 1, 0, 1]])",1,"(-1, 1, 0, 0)",1,18.0
226,"(2, 10, 12)","Matrix([[0, 0, 1, 0], [1, 1, 1, 0], [1, 0, 1, 1]])",1,"(-1, 1, 0, 1)",1,19.0
227,"(2, 10, 13)","Matrix([[0, 0, 1, 0], [1, 1, 1, 0], [0, 1, 1, 1]])",1,"(1, -1, 0, 1)",1,37.0
228,"(2, 10, 14)","Matrix([[0, 0, 1, 0], [1, 1, 1, 0], [1, 1, 1, 1]])",1,"(-1, 1, 0, 0)",1,18.0
229,"(2, 11, 12)","Matrix([[0, 0, 1, 0], [1, 1, 0, 1], [1, 0, 1, 1]])",1,"(-1, 0, 0, 1)",1,12.0
230,"(2, 11, 13)","Matrix([[0, 0, 1, 0], [1, 1, 0, 1], [0, 1, 1, 1]])",1,"(0, -1, 0, 1)",1,24.0
231,"(2, 11, 14)","Matrix([[0, 0, 1, 0], [1, 1, 0, 1], [1, 1, 1, 1]])",2,,0,
232,"(2, 12, 13)","Matrix([[0, 0, 1, 0], [1, 0, 1, 1], [0, 1, 1, 1]])",1,"(-1, -1, 0, 1)",1,6.0
233,"(2, 12, 14)","Matrix([[0, 0, 1, 0], [1, 0, 1, 1], [1, 1, 1, 1]])",1,"(-1, 0, 0, 1)",1,12.0
234,"(2, 13, 14)","Matrix([[0, 0, 1, 0], [0, 1, 1, 1], [1, 1, 1, 1]])",1,"(0, -1, 0, 1)",1,24.0
235,"(3, 4, 5)","Matrix([[0, 0, 0, 1], [1, 1, 0, 0], [1, 0, 1, 0]])",1,"(-1, 1, 1, 0)",0,20.0
236,"(3, 4, 6)","Matrix([[0, 0, 0, 1], [1, 1, 0, 0], [1, 0, 0, 1]])",1,"(0, 0, 1, 0)",1,29.0
237,"(3, 4, 7)","Matrix([[0, 0, 0, 1], [1, 1, 0, 0], [0, 1, 1, 0]])",1,"(1, -1, 1, 0)",0,38.0
238,"(3, 4, 8)","Matrix([[0, 0, 0, 1], [1, 1, 0, 0], [0, 1, 0, 1]])",1,"(0, 0, 1, 0)",1,29.0
239,"(3, 4, 9)","Matrix([[0, 0, 0, 1], [1, 1, 0, 0], [0, 0, 1, 1]])",1,"(-1, 1, 0, 0)",1,18.0
240,"(3, 4, 10)","Matrix([[0, 0, 0, 1], [1, 1, 0, 0], [1, 1, 1, 0]])",1,"(-1, 1, 0, 0)",1,18.0
241,"(3, 4, 11)","Matrix([[0, 0, 0, 1], [1, 1, 0, 0], [1, 1, 0, 1]])",2,,0,
242,"(3, 4, 12)","Matrix([[0, 0, 0, 1], [1, 1, 0, 0], [1, 0, 1, 1]])",1,"(-1, 1, 1, 0)",1,20.0
243,"(3, 4, 13)","Matrix([[0, 0, 0, 1], [1, 1, 0, 0], [0, 1, 1, 1]])",1,"(1, -1, 1, 0)",1,38.0
244,"(3, 4, 14)","Matrix([[0, 0, 0, 1], [1, 1, 0, 0], [1, 1, 1, 1]])",1,"(-1, 1, 0, 0)",1,18.0
245,"(3, 5, 6)","Matrix([[0, 0, 0, 1], [1, 0, 1, 0], [1, 0, 0, 1]])",1,"(0, 1, 0, 0)",1,31.0
246,"(3, 5, 7)","Matrix([[0, 0, 0, 1], [1, 0, 1, 0], [0, 1, 1, 0]])",1,"(-1, -1, 1, 0)",0,7.0
247,"(3, 5, 8)","Matrix([[0, 0, 0, 1], [1, 0, 1, 0], [0, 1, 0, 1]])",1,"(-1, 0, 1, 0)",1,13.0
248,"(3, 5, 9)","Matrix([[0, 0, 0, 1], [1, 0, 1, 0], [0, 0, 1, 1]])",1,"(0, 1, 0, 0)",1,31.0
249,"(3, 5, 10)","Matrix([[0, 0, 0, 1], [1, 0, 1, 0], [1, 1, 1, 0]])",1,"(-1, 0, 1, 0)",1,13.0
250,"(3, 5, 11)","Matrix([[0, 0, 0, 1], [1, 0, 1, 0], [1, 1, 0, 1]])",1,"(-1, 1, 1, 0)",1,20.0
251,"(3, 5, 12)","Matrix([[0, 0, 0, 1], [1, 0, 1, 0], [1, 0, 1, 1]])",2,,0,
252,"(3, 5, 13)","Matrix([[0, 0, 0, 1], [1, 0, 1, 0], [0, 1, 1, 1]])",1,"(-1, -1, 1, 0)",1,7.0
253,"(3, 5, 14)","Matrix([[0, 0, 0, 1], [1, 0, 1, 0], [1, 1, 1, 1]])",1,"(-1, 0, 1, 0)",1,13.0
254,"(3, 6, 7)","Matrix([[0, 0, 0, 1], [1, 0, 0, 1], [0, 1, 1, 0]])",1,"(0, -1, 1, 0)",1,25.0
255,"(3, 6, 8)","Matrix([[0, 0, 0, 1], [1, 0, 0, 1], [0, 1, 0, 1]])",1,"(0, 0, 1, 0)",1,29.0
256,"(3, 6, 9)","Matrix([[0, 0, 0, 1], [1, 0, 0, 1], [0, 0, 1, 1]])",1,"(0, 1, 0, 0)",1,31.0
257,"(3, 6, 10)","Matrix([[0, 0, 0, 1], [1, 0, 0, 1], [1, 1, 1, 0]])",1,"(0, -1, 1, 0)",1,25.0
258,"(3, 6, 11)","Matrix([[0, 0, 0, 1], [1, 0, 0, 1], [1, 1, 0, 1]])",1,"(0, 0, 1, 0)",1,29.0
259,"(3, 6, 12)","Matrix([[0, 0, 0, 1], [1, 0, 0, 1], [1, 0, 1, 1]])",1,"(0, 1, 0, 0)",1,31.0
260,"(3, 6, 13)","Matrix([[0, 0, 0, 1], [1, 0, 0, 1], [0, 1, 1, 1]])",1,"(0, -1, 1, 0)",1,25.0
261,"(3, 6, 14)","Matrix([[0, 0, 0, 1], [1, 0, 0, 1], [1, 1, 1, 1]])",1,"(0, -1, 1, 0)",1,25.0
262,"(3, 7, 8)","Matrix([[0, 0, 0, 1], [0, 1, 1, 0], [0, 1, 0, 1]])",1,"(1, 0, 0, 0)",1,41.0
263,"(3, 7, 9)","Matrix([[0, 0, 0, 1], [0, 1, 1, 0], [0, 0, 1, 1]])",1,"(1, 0, 0, 0)",1,41.0
264,"(3, 7, 10)","Matrix([[0, 0, 0, 1], [0, 1, 1, 0], [1, 1, 1, 0]])",1,"(0, -1, 1, 0)",1,25.0
265,"(3, 7, 11)","Matrix([[0, 0, 0, 1], [0, 1, 1, 0], [1, 1, 0, 1]])",1,"(1, -1, 1, 0)",1,38.0
266,"(3, 7, 12)","Matrix([[0, 0, 0, 1], [0, 1, 1, 0], [1, 0, 1, 1]])",1,"(-1, -1, 1, 0)",1,7.0
267,"(3, 7, 13)","Matrix([[0, 0, 0, 1], [0, 1, 1, 0], [0, 1, 1, 1]])",2,,0,
268,"(3, 7, 14)","Matrix([[0, 0, 0, 1], [0, 1, 1, 0], [1, 1, 1, 1]])",1,"(0, -1, 1, 0)",1,25.0
269,"(3, 8, 9)","Matrix([[0, 0, 0, 1], [0, 1, 0, 1], [0, 0, 1, 1]])",1,"(1, 0, 0, 0)",1,41.0
270,"(3, 8, 10)","Matrix([[0, 0, 0, 1], [0, 1, 0, 1], [1, 1, 1, 0]])",1,"(-1, 0, 1, 0)",1,13.0
271,"(3, 8, 11)","Matrix([[0, 0, 0, 1], [0, 1, 0, 1], [1, 1, 0, 1]])",1,"(0, 0, 1, 0)",1,29.0
272,"(3, 8, 12)","Matrix([[0, 0, 0, 1], [0, 1, 0, 1], [1, 0, 1, 1]])",1,"(-1, 0, 1, 0)",1,13.0
273,"(3, 8, 13)","Matrix([[0, 0, 0, 1], [0, 1, 0, 1], [0, 1, 1, 1]])",1,"(1, 0, 0, 0)",1,41.0
274,"(3, 8, 14)","Matrix([[0, 0, 0, 1], [0, 1, 0, 1], [1, 1, 1, 1]])",1,"(-1, 0, 1, 0)",1,13.0
275,"(3, 9, 10)","Matrix([[0, 0, 0, 1], [0, 0, 1, 1], [1, 1, 1, 0]])",1,"(-1, 1, 0, 0)",1,18.0
276,"(3, 9, 11)","Matrix([[0, 0, 0, 1], [0, 0, 1, 1], [1, 1, 0, 1]])",1,"(-1, 1, 0, 0)",1,18.0
277,"(3, 9, 12)","Matrix([[0, 0, 0, 1], [0, 0, 1, 1], [1, 0, 1, 1]])",1,"(0, 1, 0, 0)",1,31.0
278,"(3, 9, 13)","Matrix([[0, 0, 0, 1], [0, 0, 1, 1], [0, 1, 1, 1]])",1,"(1, 0, 0, 0)",1,41.0
279,"(3, 9, 14)","Matrix([[0, 0, 0, 1], [0, 0, 1, 1], [1, 1, 1, 1]])",1,"(-1, 1, 0, 0)",1,18.0
280,"(3, 10, 11)","Matrix([[0, 0, 0, 1], [1, 1, 1, 0], [1, 1, 0, 1]])",1,"(-1, 1, 0, 0)",1,18.0
281,"(3, 10, 12)","Matrix([[0, 0, 0, 1], [1, 1, 1, 0], [1, 0, 1, 1]])",1,"(-1, 0, 1, 0)",1,13.0
282,"(3, 10, 13)","Matrix([[0, 0, 0, 1], [1, 1, 1, 0], [0, 1, 1, 1]])",1,"(0, -1, 1, 0)",1,25.0
283,"(3, 10, 14)","Matrix([[0, 0, 0, 1], [1, 1, 1, 0], [1, 1, 1, 1]])",2,,0,
284,"(3, 11, 12)","Matrix([[0, 0, 0, 1], [1, 1, 0, 1], [1, 0, 1, 1]])",1,"(-1, 1, 1, 0)",1,20.0
285,"(3, 11, 13)","Matrix([[0, 0, 0, 1], [1, 1, 0, 1], [0, 1, 1, 1]])",1,"(1, -1, 1, 0)",1,38.0
286,"(3, 11, 14)","Matrix([[0, 0, 0, 1], [1, 1, 0, 1], [1, 1, 1, 1]])",1,"(-1, 1, 0, 0)",1,18.0
287,"(3, 12, 13)","Matrix([[0, 0, 0, 1], [1, 0, 1, 1], [0, 1, 1, 1]])",1,"(-1, -1, 1, 0)",1,7.0
288,"(3, 12, 14)","Matrix([[0, 0, 0, 1], [1, 0, 1, 1], [1, 1, 1, 1]])",1,"(-1, 0, 1, 0)",1,13.0
289,"(3, 13, 14)","Matrix([[0, 0, 0, 1], [0, 1, 1, 1], [1, 1, 1, 1]])",1,"(0, -1, 1, 0)",1,25.0
290,"(4, 5, 6)","Matrix([[1, 1, 0, 0], [1, 0, 1, 0], [1, 0, 0, 1]])",1,"(-1, 1, 1, 1)",0,21.0
291,"(4, 5, 7)","Matrix([[1, 1, 0, 0], [1, 0, 1, 0], [0, 1, 1, 0]])",1,"(0, 0, 0, 1)",1,28.0
292,"(4, 5, 8)","Matrix([[1, 1, 0, 0], [1, 0, 1, 0], [0, 1, 0, 1]])",1,"(1, -1, -1, 1)",0,35.0
293,"(4, 5, 9)","Matrix([[1, 1, 0, 0], [1, 0, 1, 0], [0, 0, 1, 1]])",1,"(1, -1, -1, 1)",1,35.0
294,"(4, 5, 10)","Matrix([[1, 1, 0, 0], [1, 0, 1, 0], [1, 1, 1, 0]])",1,"(0, 0, 0, 1)",1,28.0
295,"(4, 5, 11)","Matrix([[1, 1, 0, 0], [1, 0, 1, 0], [1, 1, 0, 1]])",1,"(-1, 1, 1, 0)",1,20.0
296,"(4, 5, 12)","Matrix([[1, 1, 0, 0], [1, 0, 1, 0], [1, 0, 1, 1]])",1,"(-1, 1, 1, 0)",1,20.0
297,"(4, 5, 13)","Matrix([[1, 1, 0, 0], [1, 0, 1, 0], [0, 1, 1, 1]])",1,"(1, -1, -1, 2)",0,36.0
298,"(4, 5, 14)","Matrix([[1, 1, 0, 0], [1, 0, 1, 0], [1, 1, 1, 1]])",1,"(1, -1, -1, 1)",1,35.0
299,"(4, 6, 7)","Matrix([[1, 1, 0, 0], [1, 0, 0, 1], [0, 1, 1, 0]])",1,"(-1, 1, -1, 1)",0,16.0
300,"(4, 6, 8)","Matrix([[1, 1, 0, 0], [1, 0, 0, 1], [0, 1, 0, 1]])",1,"(0, 0, 1, 0)",1,29.0
301,"(4, 6, 9)","Matrix([[1, 1, 0, 0], [1, 0, 0, 1], [0, 0, 1, 1]])",1,"(-1, 1, -1, 1)",1,16.0
302,"(4, 6, 10)","Matrix([[1, 1, 0, 0], [1, 0, 0, 1], [1, 1, 1, 0]])",1,"(-1, 1, 0, 1)",1,19.0
303,"(4, 6, 11)","Matrix([[1, 1, 0, 0], [1, 0, 0, 1], [1, 1, 0, 1]])",1,"(0, 0, 1, 0)",1,29.0
304,"(4, 6, 12)","Matrix([[1, 1, 0, 0], [1, 0, 0, 1], [1, 0, 1, 1]])",1,"(-1, 1, 0, 1)",1,19.0
305,"(4, 6, 13)","Matrix([[1, 1, 0, 0], [1, 0, 0, 1], [0, 1, 1, 1]])",1,"(-1, 1, -2, 1)",0,15.0
306,"(4, 6, 14)","Matrix([[1, 1, 0, 0], [1, 0, 0, 1], [1, 1, 1, 1]])",1,"(-1, 1, -1, 1)",1,16.0
307,"(4, 7, 8)","Matrix([[1, 1, 0, 0], [0, 1, 1, 0], [0, 1, 0, 1]])",1,"(1, -1, 1, 1)",0,39.0
308,"(4, 7, 9)","Matrix([[1, 1, 0, 0], [0, 1, 1, 0], [0, 0, 1, 1]])",1,"(-1, 1, -1, 1)",1,16.0
309,"(4, 7, 10)","Matrix([[1, 1, 0, 0], [0, 1, 1, 0], [1, 1, 1, 0]])",1,"(0, 0, 0, 1)",1,28.0
310,"(4, 7, 11)","Matrix([[1, 1, 0, 0], [0, 1, 1, 0], [1, 1, 0, 1]])",1,"(1, -1, 1, 0)",1,38.0
311,"(4, 7, 12)","Matrix([[1, 1, 0, 0], [0, 1, 1, 0], [1, 0, 1, 1]])",1,"(-1, 1, -1, 2)",0,17.0
312,"(4, 7, 13)","Matrix([[1, 1, 0, 0], [0, 1, 1, 0], [0, 1, 1, 1]])",1,"(1, -1, 1, 0)",1,38.0
313,"(4, 7, 14)","Matrix([[1, 1, 0, 0], [0, 1, 1, 0], [1, 1, 1, 1]])",1,"(-1, 1, -1, 1)",1,16.0
314,"(4, 8, 9)","Matrix([[1, 1, 0, 0], [0, 1, 0, 1], [0, 0, 1, 1]])",1,"(1, -1, -1, 1)",1,35.0
315,"(4, 8, 10)","Matrix([[1, 1, 0, 0], [0, 1, 0, 1], [1, 1, 1, 0]])",1,"(1, -1, 0, 1)",1,37.0
316,"(4, 8, 11)","Matrix([[1, 1, 0, 0], [0, 1, 0, 1], [1, 1, 0, 1]])",1,"(0, 0, 1, 0)",1,29.0
317,"(4, 8, 12)","Matrix([[1, 1, 0, 0], [0, 1, 0, 1], [1, 0, 1, 1]])",1,"(1, -1, -2, 1)",0,34.0
318,"(4, 8, 13)","Matrix([[1, 1, 0, 0], [0, 1, 0, 1], [0, 1, 1, 1]])",1,"(1, -1, 0, 1)",1,37.0
319,"(4, 8, 14)","Matrix([[1, 1, 0, 0], [0, 1, 0, 1], [1, 1, 1, 1]])",1,"(1, -1, -1, 1)",1,35.0
320,"(4, 9, 10)","Matrix([[1, 1, 0, 0], [0, 0, 1, 1], [1, 1, 1, 0]])",1,"(-1, 1, 0, 0)",1,18.0
321,"(4, 9, 11)","Matrix([[1, 1, 0, 0], [0, 0, 1, 1], [1, 1, 0, 1]])",1,"(-1, 1, 0, 0)",1,18.0
322,"(4, 9, 12)","Matrix([[1, 1, 0, 0], [0, 0, 1, 1], [1, 0, 1, 1]])",1,"(0, 0, -1, 1)",1,27.0
323,"(4, 9, 13)","Matrix([[1, 1, 0, 0], [0, 0, 1, 1], [0, 1, 1, 1]])",1,"(0, 0, -1, 1)",1,27.0
324,"(4, 9, 14)","Matrix([[1, 1, 0, 0], [0, 0, 1, 1], [1, 1, 1, 1]])",2,,0,
325,"(4, 10, 11)","Matrix([[1, 1, 0, 0], [1, 1, 1, 0], [1, 1, 0, 1]])",1,"(-1, 1, 0, 0)",1,18.0
326,"(4, 10, 12)","Matrix([[1, 1, 0, 0], [1, 1, 1, 0], [1, 0, 1, 1]])",1,"(-1, 1, 0, 1)",1,19.0
327,"(4, 10, 13)","Matrix([[1, 1, 0, 0], [1, 1, 1, 0], [0, 1, 1, 1]])",1,"(1, -1, 0, 1)",1,37.0
328,"(4, 10, 14)","Matrix([[1, 1, 0, 0], [1, 1, 1, 0], [1, 1, 1, 1]])",1,"(-1, 1, 0, 0)",1,18.0
329,"(4, 11, 12)","Matrix([[1, 1, 0, 0], [1, 1, 0, 1], [1, 0, 1, 1]])",1,"(-1, 1, 1, 0)",1,20.0
330,"(4, 11, 13)","Matrix([[1, 1, 0, 0], [1, 1, 0, 1], [0, 1, 1, 1]])",1,"(1, -1, 1, 0)",1,38.0
331,"(4, 11, 14)","Matrix([[1, 1, 0, 0], [1, 1, 0, 1], [1, 1, 1, 1]])",1,"(-1, 1, 0, 0)",1,18.0
332,"(4, 12, 13)","Matrix([[1, 1, 0, 0], [1, 0, 1, 1], [0, 1, 1, 1]])",1,"(0, 0, -1, 1)",1,27.0
333,"(4, 12, 14)","Matrix([[1, 1, 0, 0], [1, 0, 1, 1], [1, 1, 1, 1]])",1,"(0, 0, -1, 1)",1,27.0
334,"(4, 13, 14)","Matrix([[1, 1, 0, 0], [0, 1, 1, 1], [1, 1, 1, 1]])",1,"(0, 0, -1, 1)",1,27.0
335,"(5, 6, 7)","Matrix([[1, 0, 1, 0], [1, 0, 0, 1], [0, 1, 1, 0]])",1,"(-1, -1, 1, 1)",0,8.0
336,"(5, 6, 8)","Matrix([[1, 0, 1, 0], [1, 0, 0, 1], [0, 1, 0, 1]])",1,"(-1, -1, 1, 1)",1,8.0
337,"(5, 6, 9)","Matrix([[1, 0, 1, 0], [1, 0, 0, 1], [0, 0, 1, 1]])",1,"(0, 1, 0, 0)",1,31.0
338,"(5, 6, 10)","Matrix([[1, 0, 1, 0], [1, 0, 0, 1], [1, 1, 1, 0]])",1,"(-1, 0, 1, 1)",1,14.0
339,"(5, 6, 11)","Matrix([[1, 0, 1, 0], [1, 0, 0, 1], [1, 1, 0, 1]])",1,"(-1, 0, 1, 1)",1,14.0
340,"(5, 6, 12)","Matrix([[1, 0, 1, 0], [1, 0, 0, 1], [1, 0, 1, 1]])",1,"(0, 1, 0, 0)",1,31.0
341,"(5, 6, 13)","Matrix([[1, 0, 1, 0], [1, 0, 0, 1], [0, 1, 1, 1]])",1,"(-1, -2, 1, 1)",0,3.0
342,"(5, 6, 14)","Matrix([[1, 0, 1, 0], [1, 0, 0, 1], [1, 1, 1, 1]])",1,"(-1, -1, 1, 1)",1,8.0
343,"(5, 7, 8)","Matrix([[1, 0, 1, 0], [0, 1, 1, 0], [0, 1, 0, 1]])",1,"(-1, -1, 1, 1)",1,8.0
344,"(5, 7, 9)","Matrix([[1, 0, 1, 0], [0, 1, 1, 0], [0, 0, 1, 1]])",1,"(1, 1, -1, 1)",0,43.0
345,"(5, 7, 10)","Matrix([[1, 0, 1, 0], [0, 1, 1, 0], [1, 1, 1, 0]])",1,"(0, 0, 0, 1)",1,28.0
346,"(5, 7, 11)","Matrix([[1, 0, 1, 0], [0, 1, 1, 0], [1, 1, 0, 1]])",1,"(-1, -1, 1, 2)",0,9.0
347,"(5, 7, 12)","Matrix([[1, 0, 1, 0], [0, 1, 1, 0], [1, 0, 1, 1]])",1,"(-1, -1, 1, 0)",1,7.0
348,"(5, 7, 13)","Matrix([[1, 0, 1, 0], [0, 1, 1, 0], [0, 1, 1, 1]])",1,"(-1, -1, 1, 0)",1,7.0
349,"(5, 7, 14)","Matrix([[1, 0, 1, 0], [0, 1, 1, 0], [1, 1, 1, 1]])",1,"(-1, -1, 1, 1)",1,8.0
350,"(5, 8, 9)","Matrix([[1, 0, 1, 0], [0, 1, 0, 1], [0, 0, 1, 1]])",1,"(1, -1, -1, 1)",1,35.0
351,"(5, 8, 10)","Matrix([[1, 0, 1, 0], [0, 1, 0, 1], [1, 1, 1, 0]])",1,"(-1, 0, 1, 0)",1,13.0
352,"(5, 8, 11)","Matrix([[1, 0, 1, 0], [0, 1, 0, 1], [1, 1, 0, 1]])",1,"(0, -1, 0, 1)",1,24.0
353,"(5, 8, 12)","Matrix([[1, 0, 1, 0], [0, 1, 0, 1], [1, 0, 1, 1]])",1,"(-1, 0, 1, 0)",1,13.0
354,"(5, 8, 13)","Matrix([[1, 0, 1, 0], [0, 1, 0, 1], [0, 1, 1, 1]])",1,"(0, -1, 0, 1)",1,24.0
355,"(5, 8, 14)","Matrix([[1, 0, 1, 0], [0, 1, 0, 1], [1, 1, 1, 1]])",2,,0,
356,"(5, 9, 10)","Matrix([[1, 0, 1, 0], [0, 0, 1, 1], [1, 1, 1, 0]])",1,"(1, 0, -1, 1)",1,40.0
357,"(5, 9, 11)","Matrix([[1, 0, 1, 0], [0, 0, 1, 1], [1, 1, 0, 1]])",1,"(1, -2, -1, 1)",0,32.0
358,"(5, 9, 12)","Matrix([[1, 0, 1, 0], [0, 0, 1, 1], [1, 0, 1, 1]])",1,"(0, 1, 0, 0)",1,31.0
359,"(5, 9, 13)","Matrix([[1, 0, 1, 0], [0, 0, 1, 1], [0, 1, 1, 1]])",1,"(1, 0, -1, 1)",1,40.0
360,"(5, 9, 14)","Matrix([[1, 0, 1, 0], [0, 0, 1, 1], [1, 1, 1, 1]])",1,"(1, -1, -1, 1)",1,35.0
361,"(5, 10, 11)","Matrix([[1, 0, 1, 0], [1, 1, 1, 0], [1, 1, 0, 1]])",1,"(-1, 0, 1, 1)",1,14.0
362,"(5, 10, 12)","Matrix([[1, 0, 1, 0], [1, 1, 1, 0], [1, 0, 1, 1]])",1,"(-1, 0, 1, 0)",1,13.0
363,"(5, 10, 13)","Matrix([[1, 0, 1, 0], [1, 1, 1, 0], [0, 1, 1, 1]])",1,"(1, 0, -1, 1)",1,40.0
364,"(5, 10, 14)","Matrix([[1, 0, 1, 0], [1, 1, 1, 0], [1, 1, 1, 1]])",1,"(-1, 0, 1, 0)",1,13.0
365,"(5, 11, 12)","Matrix([[1, 0, 1, 0], [1, 1, 0, 1], [1, 0, 1, 1]])",1,"(-1, 1, 1, 0)",1,20.0
366,"(5, 11, 13)","Matrix([[1, 0, 1, 0], [1, 1, 0, 1], [0, 1, 1, 1]])",1,"(0, -1, 0, 1)",1,24.0
367,"(5, 11, 14)","Matrix([[1, 0, 1, 0], [1, 1, 0, 1], [1, 1, 1, 1]])",1,"(0, -1, 0, 1)",1,24.0
368,"(5, 12, 13)","Matrix([[1, 0, 1, 0], [1, 0, 1, 1], [0, 1, 1, 1]])",1,"(-1, -1, 1, 0)",1,7.0
369,"(5, 12, 14)","Matrix([[1, 0, 1, 0], [1, 0, 1, 1], [1, 1, 1, 1]])",1,"(-1, 0, 1, 0)",1,13.0
370,"(5, 13, 14)","Matrix([[1, 0, 1, 0], [0, 1, 1, 1], [1, 1, 1, 1]])",1,"(0, -1, 0, 1)",1,24.0
371,"(6, 7, 8)","Matrix([[1, 0, 0, 1], [0, 1, 1, 0], [0, 1, 0, 1]])",1,"(-1, -1, 1, 1)",1,8.0
372,"(6, 7, 9)","Matrix([[1, 0, 0, 1], [0, 1, 1, 0], [0, 0, 1, 1]])",1,"(-1, 1, -1, 1)",1,16.0
373,"(6, 7, 10)","Matrix([[1, 0, 0, 1], [0, 1, 1, 0], [1, 1, 1, 0]])",1,"(0, -1, 1, 0)",1,25.0
374,"(6, 7, 11)","Matrix([[1, 0, 0, 1], [0, 1, 1, 0], [1, 1, 0, 1]])",1,"(-1, 0, 0, 1)",1,12.0
375,"(6, 7, 12)","Matrix([[1, 0, 0, 1], [0, 1, 1, 0], [1, 0, 1, 1]])",1,"(-1, 0, 0, 1)",1,12.0
376,"(6, 7, 13)","Matrix([[1, 0, 0, 1], [0, 1, 1, 0], [0, 1, 1, 1]])",1,"(0, -1, 1, 0)",1,25.0
377,"(6, 7, 14)","Matrix([[1, 0, 0, 1], [0, 1, 1, 0], [1, 1, 1, 1]])",2,,0,
378,"(6, 8, 9)","Matrix([[1, 0, 0, 1], [0, 1, 0, 1], [0, 0, 1, 1]])",1,"(-1, -1, -1, 1)",0,4.0
379,"(6, 8, 10)","Matrix([[1, 0, 0, 1], [0, 1, 0, 1], [1, 1, 1, 0]])",1,"(-1, -1, 2, 1)",0,10.0
380,"(6, 8, 11)","Matrix([[1, 0, 0, 1], [0, 1, 0, 1], [1, 1, 0, 1]])",1,"(0, 0, 1, 0)",1,29.0
381,"(6, 8, 12)","Matrix([[1, 0, 0, 1], [0, 1, 0, 1], [1, 0, 1, 1]])",1,"(-1, -1, 0, 1)",1,6.0
382,"(6, 8, 13)","Matrix([[1, 0, 0, 1], [0, 1, 0, 1], [0, 1, 1, 1]])",1,"(-1, -1, 0, 1)",1,6.0
383,"(6, 8, 14)","Matrix([[1, 0, 0, 1], [0, 1, 0, 1], [1, 1, 1, 1]])",1,"(-1, -1, 1, 1)",1,8.0
384,"(6, 9, 10)","Matrix([[1, 0, 0, 1], [0, 0, 1, 1], [1, 1, 1, 0]])",1,"(-1, 2, -1, 1)",0,22.0
385,"(6, 9, 11)","Matrix([[1, 0, 0, 1], [0, 0, 1, 1], [1, 1, 0, 1]])",1,"(-1, 0, -1, 1)",1,11.0
386,"(6, 9, 12)","Matrix([[1, 0, 0, 1], [0, 0, 1, 1], [1, 0, 1, 1]])",1,"(0, 1, 0, 0)",1,31.0
387,"(6, 9, 13)","Matrix([[1, 0, 0, 1], [0, 0, 1, 1], [0, 1, 1, 1]])",1,"(-1, 0, -1, 1)",1,11.0
388,"(6, 9, 14)","Matrix([[1, 0, 0, 1], [0, 0, 1, 1], [1, 1, 1, 1]])",1,"(-1, 1, -1, 1)",1,16.0
389,"(6, 10, 11)","Matrix([[1, 0, 0, 1], [1, 1, 1, 0], [1, 1, 0, 1]])",1,"(-1, 0, 1, 1)",1,14.0
390,"(6, 10, 12)","Matrix([[1, 0, 0, 1], [1, 1, 1, 0], [1, 0, 1, 1]])",1,"(-1, 1, 0, 1)",1,19.0
391,"(6, 10, 13)","Matrix([[1, 0, 0, 1], [1, 1, 1, 0], [0, 1, 1, 1]])",1,"(0, -1, 1, 0)",1,25.0
392,"(6, 10, 14)","Matrix([[1, 0, 0, 1], [1, 1, 1, 0], [1, 1, 1, 1]])",1,"(0, -1, 1, 0)",1,25.0
393,"(6, 11, 12)","Matrix([[1, 0, 0, 1], [1, 1, 0, 1], [1, 0, 1, 1]])",1,"(-1, 0, 0, 1)",1,12.0
394,"(6, 11, 13)","Matrix([[1, 0, 0, 1], [1, 1, 0, 1], [0, 1, 1, 1]])",1,"(-1, 0, -1, 1)",1,11.0
395,"(6, 11, 14)","Matrix([[1, 0, 0, 1], [1, 1, 0, 1], [1, 1, 1, 1]])",1,"(-1, 0, 0, 1)",1,12.0
396,"(6, 12, 13)","Matrix([[1, 0, 0, 1], [1, 0, 1, 1], [0, 1, 1, 1]])",1,"(-1, -1, 0, 1)",1,6.0
397,"(6, 12, 14)","Matrix([[1, 0, 0, 1], [1, 0, 1, 1], [1, 1, 1, 1]])",1,"(-1, 0, 0, 1)",1,12.0
398,"(6, 13, 14)","Matrix([[1, 0, 0, 1], [0, 1, 1, 1], [1, 1, 1, 1]])",1,"(0, -1, 1, 0)",1,25.0
399,"(7, 8, 9)","Matrix([[0, 1, 1, 0], [0, 1, 0, 1], [0, 0, 1, 1]])",1,"(1, 0, 0, 0)",1,41.0
400,"(7, 8, 10)","Matrix([[0, 1, 1, 0], [0, 1, 0, 1], [1, 1, 1, 0]])",1,"(0, -1, 1, 1)",1,26.0
401,"(7, 8, 11)","Matrix([[0, 1, 1, 0], [0, 1, 0, 1], [1, 1, 0, 1]])",1,"(0, -1, 1, 1)",1,26.0
402,"(7, 8, 12)","Matrix([[0, 1, 1, 0], [0, 1, 0, 1], [1, 0, 1, 1]])",1,"(-2, -1, 1, 1)",0,0.0
403,"(7, 8, 13)","Matrix([[0, 1, 1, 0], [0, 1, 0, 1], [0, 1, 1, 1]])",1,"(1, 0, 0, 0)",1,41.0
404,"(7, 8, 14)","Matrix([[0, 1, 1, 0], [0, 1, 0, 1], [1, 1, 1, 1]])",1,"(-1, -1, 1, 1)",1,8.0
405,"(7, 9, 10)","Matrix([[0, 1, 1, 0], [0, 0, 1, 1], [1, 1, 1, 0]])",1,"(0, 1, -1, 1)",1,30.0
406,"(7, 9, 11)","Matrix([[0, 1, 1, 0], [0, 0, 1, 1], [1, 1, 0, 1]])",1,"(-2, 1, -1, 1)",0,1.0
407,"(7, 9, 12)","Matrix([[0, 1, 1, 0], [0, 0, 1, 1], [1, 0, 1, 1]])",1,"(0, 1, -1, 1)",1,30.0
408,"(7, 9, 13)","Matrix([[0, 1, 1, 0], [0, 0, 1, 1], [0, 1, 1, 1]])",1,"(1, 0, 0, 0)",1,41.0
409,"(7, 9, 14)","Matrix([[0, 1, 1, 0], [0, 0, 1, 1], [1, 1, 1, 1]])",1,"(-1, 1, -1, 1)",1,16.0
410,"(7, 10, 11)","Matrix([[0, 1, 1, 0], [1, 1, 1, 0], [1, 1, 0, 1]])",1,"(0, -1, 1, 1)",1,26.0
411,"(7, 10, 12)","Matrix([[0, 1, 1, 0], [1, 1, 1, 0], [1, 0, 1, 1]])",1,"(0, 1, -1, 1)",1,30.0
412,"(7, 10, 13)","Matrix([[0, 1, 1, 0], [1, 1, 1, 0], [0, 1, 1, 1]])",1,"(0, -1, 1, 0)",1,25.0
413,"(7, 10, 14)","Matrix([[0, 1, 1, 0], [1, 1, 1, 0], [1, 1, 1, 1]])",1,"(0, -1, 1, 0)",1,25.0
414,"(7, 11, 12)","Matrix([[0, 1, 1, 0], [1, 1, 0, 1], [1, 0, 1, 1]])",1,"(-1, 0, 0, 1)",1,12.0
415,"(7, 11, 13)","Matrix([[0, 1, 1, 0], [1, 1, 0, 1], [0, 1, 1, 1]])",1,"(1, -1, 1, 0)",1,38.0
416,"(7, 11, 14)","Matrix([[0, 1, 1, 0], [1, 1, 0, 1], [1, 1, 1, 1]])",1,"(-1, 0, 0, 1)",1,12.0
417,"(7, 12, 13)","Matrix([[0, 1, 1, 0], [1, 0, 1, 1], [0, 1, 1, 1]])",1,"(-1, -1, 1, 0)",1,7.0
418,"(7, 12, 14)","Matrix([[0, 1, 1, 0], [1, 0, 1, 1], [1, 1, 1, 1]])",1,"(-1, 0, 0, 1)",1,12.0
419,"(7, 13, 14)","Matrix([[0, 1, 1, 0], [0, 1, 1, 1], [1, 1, 1, 1]])",1,"(0, -1, 1, 0)",1,25.0
420,"(8, 9, 10)","Matrix([[0, 1, 0, 1], [0, 0, 1, 1], [1, 1, 1, 0]])",1,"(2, -1, -1, 1)",0,44.0
421,"(8, 9, 11)","Matrix([[0, 1, 0, 1], [0, 0, 1, 1], [1, 1, 0, 1]])",1,"(0, -1, -1, 1)",1,23.0
422,"(8, 9, 12)","Matrix([[0, 1, 0, 1], [0, 0, 1, 1], [1, 0, 1, 1]])",1,"(0, -1, -1, 1)",1,23.0
423,"(8, 9, 13)","Matrix([[0, 1, 0, 1], [0, 0, 1, 1], [0, 1, 1, 1]])",1,"(1, 0, 0, 0)",1,41.0
424,"(8, 9, 14)","Matrix([[0, 1, 0, 1], [0, 0, 1, 1], [1, 1, 1, 1]])",1,"(1, -1, -1, 1)",1,35.0
425,"(8, 10, 11)","Matrix([[0, 1, 0, 1], [1, 1, 1, 0], [1, 1, 0, 1]])",1,"(0, -1, 1, 1)",1,26.0
426,"(8, 10, 12)","Matrix([[0, 1, 0, 1], [1, 1, 1, 0], [1, 0, 1, 1]])",1,"(-1, 0, 1, 0)",1,13.0
427,"(8, 10, 13)","Matrix([[0, 1, 0, 1], [1, 1, 1, 0], [0, 1, 1, 1]])",1,"(1, -1, 0, 1)",1,37.0
428,"(8, 10, 14)","Matrix([[0, 1, 0, 1], [1, 1, 1, 0], [1, 1, 1, 1]])",1,"(-1, 0, 1, 0)",1,13.0
429,"(8, 11, 12)","Matrix([[0, 1, 0, 1], [1, 1, 0, 1], [1, 0, 1, 1]])",1,"(0, -1, -1, 1)",1,23.0
430,"(8, 11, 13)","Matrix([[0, 1, 0, 1], [1, 1, 0, 1], [0, 1, 1, 1]])",1,"(0, -1, 0, 1)",1,24.0
431,"(8, 11, 14)","Matrix([[0, 1, 0, 1], [1, 1, 0, 1], [1, 1, 1, 1]])",1,"(0, -1, 0, 1)",1,24.0
432,"(8, 12, 13)","Matrix([[0, 1, 0, 1], [1, 0, 1, 1], [0, 1, 1, 1]])",1,"(-1, -1, 0, 1)",1,6.0
433,"(8, 12, 14)","Matrix([[0, 1, 0, 1], [1, 0, 1, 1], [1, 1, 1, 1]])",1,"(-1, 0, 1, 0)",1,13.0
434,"(8, 13, 14)","Matrix([[0, 1, 0, 1], [0, 1, 1, 1], [1, 1, 1, 1]])",1,"(0, -1, 0, 1)",1,24.0
435,"(9, 10, 11)","Matrix([[0, 0, 1, 1], [1, 1, 1, 0], [1, 1, 0, 1]])",1,"(-1, 1, 0, 0)",1,18.0
436,"(9, 10, 12)","Matrix([[0, 0, 1, 1], [1, 1, 1, 0], [1, 0, 1, 1]])",1,"(0, 1, -1, 1)",1,30.0
437,"(9, 10, 13)","Matrix([[0, 0, 1, 1], [1, 1, 1, 0], [0, 1, 1, 1]])",1,"(1, 0, -1, 1)",1,40.0
438,"(9, 10, 14)","Matrix([[0, 0, 1, 1], [1, 1, 1, 0], [1, 1, 1, 1]])",1,"(-1, 1, 0, 0)",1,18.0
439,"(9, 11, 12)","Matrix([[0, 0, 1, 1], [1, 1, 0, 1], [1, 0, 1, 1]])",1,"(0, -1, -1, 1)",1,23.0
440,"(9, 11, 13)","Matrix([[0, 0, 1, 1], [1, 1, 0, 1], [0, 1, 1, 1]])",1,"(-1, 0, -1, 1)",1,11.0
441,"(9, 11, 14)","Matrix([[0, 0, 1, 1], [1, 1, 0, 1], [1, 1, 1, 1]])",1,"(-1, 1, 0, 0)",1,18.0
442,"(9, 12, 13)","Matrix([[0, 0, 1, 1], [1, 0, 1, 1], [0, 1, 1, 1]])",1,"(0, 0, -1, 1)",1,27.0
443,"(9, 12, 14)","Matrix([[0, 0, 1, 1], [1, 0, 1, 1], [1, 1, 1, 1]])",1,"(0, 0, -1, 1)",1,27.0
444,"(9, 13, 14)","Matrix([[0, 0, 1, 1], [0, 1, 1, 1], [1, 1, 1, 1]])",1,"(0, 0, -1, 1)",1,27.0
445,"(10, 11, 12)","Matrix([[1, 1, 1, 0], [1, 1, 0, 1], [1, 0, 1, 1]])",1,"(-2, 1, 1, 1)",0,2.0
446,"(10, 11, 13)","Matrix([[1, 1, 1, 0], [1, 1, 0, 1], [0, 1, 1, 1]])",1,"(1, -2, 1, 1)",0,33.0
447,"(10, 11, 14)","Matrix([[1, 1, 1, 0], [1, 1, 0, 1], [1, 1, 1, 1]])",1,"(-1, 1, 0, 0)",1,18.0
448,"(10, 12, 13)","Matrix([[1, 1, 1, 0], [1, 0, 1, 1], [0, 1, 1, 1]])",1,"(1, 1, -2, 1)",0,42.0
449,"(10, 12, 14)","Matrix([[1, 1, 1, 0], [1, 0, 1, 1], [1, 1, 1, 1]])",1,"(-1, 0, 1, 0)",1,13.0
450,"(10, 13, 14)","Matrix([[1, 1, 1, 0], [0, 1, 1, 1], [1, 1, 1, 1]])",1,"(0, -1, 1, 0)",1,25.0
451,"(11, 12, 13)","Matrix([[1, 1, 0, 1], [1, 0, 1, 1], [0, 1, 1, 1]])",1,"(-1, -1, -1, 2)",0,5.0
452,"(11, 12, 14)","Matrix([[1, 1, 0, 1], [1, 0, 1, 1], [1, 1, 1, 1]])",1,"(-1, 0, 0, 1)",1,12.0
453,"(11, 13, 14)","Matrix([[1, 1, 0, 1], [0, 1, 1, 1], [1, 1, 1, 1]])",1,"(0, -1, 0, 1)",1,24.0
454,"(12, 13, 14)","Matrix([[1, 0, 1, 1], [0, 1, 1, 1], [1, 1, 1, 1]])",1,"(0, 0, -1, 1)",1,27.0
